"As Of Date","Time Series","Value (millions)"
"2023-11-01","PDWOTIPSC","2667"
"2023-11-01","PDABTOTC","-190"
"2023-11-01","PDSIRRA-UTSTC","3005"
"2023-11-01","PDSIRRA-UTSTTOT","189468"
"2023-11-01","PDSOOS-ABS","*"
"2023-11-01","PDSOOS-ABSC","-3"
"2023-11-01","PDSOOS-ABSTAG30","0"
"2023-11-01","PDSOOS-ABSTAL30","0"
"2023-11-01","PDSOOS-ABSTOT","*"
"2023-11-01","PDSOOS-CD","12707"
"2023-11-01","PDSOOS-CDC","-274"
"2023-11-01","PDSOOS-CDTAG30","4525"
"2023-11-01","PDSOOS-CDTAL30","*"
"2023-11-01","PDSOOS-CDTOT","*"
"2023-11-01","PDSOOS-E","111942"
"2023-11-01","PDSOOS-EC","1146"
"2023-11-01","PDSOOS-ETAG30","21189"
"2023-11-01","PDSOOS-ETAL30","*"
"2023-11-01","PDSOOS-ETOT","*"
"2023-11-01","PDSOOS-FGCM","0"
"2023-11-01","PDSOOS-FGCMC","*"
"2023-11-01","PDSOOS-FGCMTAG30","*"
"2023-11-01","PDSOOS-FGCMTAL30","0"
"2023-11-01","PDSOOS-FGCMTOT","*"
"2023-11-01","PDSOOS-FGEM","*"
"2023-11-01","PDSOOS-FGEMC","*"
"2023-11-01","PDSOOS-FGEMTAG30","0"
"2023-11-01","PDSOOS-FGEMTAL30","0"
"2023-11-01","PDSOOS-FGEMTOT","*"
"2023-11-01","PDSOOS-FGM","25473"
"2023-11-01","PDSOOS-FGMC","346"
"2023-11-01","PDSOOS-FGMTAG30","276"
"2023-11-01","PDSOOS-FGMTAL30","0"
"2023-11-01","PDSOOS-FGMTOT","25749"
"2023-11-01","PDSOOS-O","192"
"2023-11-01","PDSOOS-OC","0"
"2023-11-01","PDSOOS-OTAG30","0"
"2023-11-01","PDSOOS-OTAL30","0"
"2023-11-01","PDSOOS-OTOT","192"
"2023-11-01","PDSOOS-UTSET","112740"
"2023-11-01","PDSOOS-UTSETC","12030"
"2023-11-01","PDSOOS-UTSETTAG30","2646"
"2023-11-01","PDSOOS-UTSETTAL30","2383"
"2023-11-01","PDSOOS-UTSETTOT","117769"
"2023-11-01","PDSOOS-UTST","7699"
"2023-11-01","PDSOOS-UTSTC","-4713"
"2023-11-01","PDSOOS-UTSTTAG30","*"
"2023-11-01","PDSOOS-UTSTTAL30","*"
"2023-11-01","PDSOOS-UTSTTOT","7917"
"2023-11-01","PDSORA-ABSC","*"
"2023-11-01","PDSORA-ABSTOT","14552"
"2023-11-01","PDSORA-CBGABS","0"
"2023-11-01","PDSORA-CBGABSTAG30","0"
"2023-11-01","PDSORA-CBGABSTAL30","0"
"2023-11-01","PDSORA-CBGCD","0"
"2023-11-01","PDSORA-CBGCDTAG30","0"
"2023-11-01","PDSORA-CBGCDTAL30","0"
"2023-11-01","PDSORA-CBGE","0"
"2023-11-01","PDSORA-CBGETAG30","0"
"2023-11-01","PDSORA-CBGETAL30","0"
"2023-11-01","PDSORA-CBGFGCM","0"
"2023-11-01","PDSORA-CBGFGCMTAG30","0"
"2023-11-01","PDSORA-CBGFGCMTAL30","0"
"2023-11-01","PDSORA-CBGFGEM","0"
"2023-11-01","PDSORA-CBGFGEMTAG30","0"
"2023-11-01","PDSORA-CBGFGEMTAL30","0"
"2023-11-01","PDSORA-CBGFGM","0"
"2023-11-01","PDSORA-CBGFGMTAG30","*"
"2023-11-01","PDSORA-CBGFGMTAL30","0"
"2023-11-01","PDSORA-CBGO","0"
"2023-11-01","PDSORA-CBGOTAG30","0"
"2023-11-01","PDSORA-CBGOTAL30","0"
"2023-11-01","PDSORA-CBGUTSET","43443"
"2023-11-01","PDSORA-CBGUTSETTAG30","23435"
"2023-11-01","PDSORA-CBGUTSETTAL30","*"
"2023-11-01","PDSORA-CBGUTST","4647"
"2023-11-01","PDSORA-CBGUTSTTAG30","0"
"2023-11-01","PDSORA-CBGUTSTTAL30","0"
"2023-11-01","PDSORA-CBSABS","0"
"2023-11-01","PDSORA-CBSABSTAG30","0"
"2023-11-01","PDSORA-CBSABSTAL30","0"
"2023-11-01","PDSORA-CBSCD","0"
"2023-11-01","PDSORA-CBSCDTAG30","0"
"2023-11-01","PDSORA-CBSCDTAL30","0"
"2023-11-01","PDSORA-CBSE","0"
"2023-11-01","PDSORA-CBSETAG30","0"
"2023-11-01","PDSORA-CBSETAL30","0"
"2023-11-01","PDSORA-CBSFGCM","0"
"2023-11-01","PDSORA-CBSFGCMTAG30","0"
"2023-11-01","PDSORA-CBSFGCMTAL30","0"
"2023-11-01","PDSORA-CBSFGEM","0"
"2023-11-01","PDSORA-CBSFGEMTAG30","0"
"2023-11-01","PDSORA-CBSFGEMTAL30","0"
"2023-11-01","PDSORA-CBSFGM","0"
"2023-11-01","PDSORA-CBSFGMTAG30","0"
"2023-11-01","PDSORA-CBSFGMTAL30","0"
"2023-11-01","PDSORA-CBSO","0"
"2023-11-01","PDSORA-CBSOTAG30","0"
"2023-11-01","PDSORA-CBSOTAL30","0"
"2023-11-01","PDSORA-CBSPABS","0"
"2023-11-01","PDSORA-CBSPABSTAG30","0"
"2023-11-01","PDSORA-CBSPABSTAL30","0"
"2023-11-01","PDSORA-CBSPCD","0"
"2023-11-01","PDSORA-CBSPCDTAG30","0"
"2023-11-01","PDSORA-CBSPCDTAL30","0"
"2023-11-01","PDSORA-CBSPE","0"
"2023-11-01","PDSORA-CBSPETAG30","0"
"2023-11-01","PDSORA-CBSPETAL30","0"
"2023-11-01","PDSORA-CBSPFGCM","0"
"2023-11-01","PDSORA-CBSPFGCMTAG30","0"
"2023-11-01","PDSORA-CBSPFGCMTAL30","0"
"2023-11-01","PDSORA-CBSPFGEM","0"
"2023-11-01","PDSORA-CBSPFGEMTAG30","0"
"2023-11-01","PDSORA-CBSPFGEMTAL30","0"
"2023-11-01","PDSORA-CBSPFGM","0"
"2023-11-01","PDSORA-CBSPFGMTAG30","0"
"2023-11-01","PDSORA-CBSPFGMTAL30","0"
"2023-11-01","PDSORA-CBSPO","0"
"2023-11-01","PDSORA-CBSPOTAG30","0"
"2023-11-01","PDSORA-CBSPOTAL30","0"
"2023-11-01","PDSORA-CBSPUTSET","24277"
"2023-11-01","PDSORA-CBSPUTSETTAG30","*"
"2023-11-01","PDSORA-CBSPUTSETTAL30","*"
"2023-11-01","PDSORA-CBSPUTST","163"
"2023-11-01","PDSORA-CBSPUTSTTAG30","*"
"2023-11-01","PDSORA-CBSPUTSTTAL30","*"
"2023-11-01","PDSORA-CBSUTSET","322063"
"2023-11-01","PDSORA-CBSUTSETTAG30","41173"
"2023-11-01","PDSORA-CBSUTSETTAL30","12596"
"2023-11-01","PDSORA-CBSUTST","19817"
"2023-11-01","PDSORA-CBSUTSTTAG30","*"
"2023-11-01","PDSORA-CBSUTSTTAL30","0"
"2023-11-01","PDSORA-CDC","-154"
"2023-11-01","PDSORA-CDTOT","88730"
"2023-11-01","PDSORA-EC","261"
"2023-11-01","PDSORA-ETOT","61723"
"2023-11-01","PDSORA-FGCMC","*"
"2023-11-01","PDSORA-FGCMTOT","*"
"2023-11-01","PDSORA-FGEMC","4114"
"2023-11-01","PDSORA-FGEMTOT","21326"
"2023-11-01","PDSORA-FGMC","-9356"
"2023-11-01","PDSORA-FGMTOT","580865"
"2023-11-01","PDSORA-GCFABS","0"
"2023-11-01","PDSORA-GCFABSTAG30","0"
"2023-11-01","PDSORA-GCFABSTAL30","0"
"2023-11-01","PDSORA-GCFCD","0"
"2023-11-01","PDSORA-GCFCDTAG30","0"
"2023-11-01","PDSORA-GCFCDTAL30","0"
"2023-11-01","PDSORA-GCFE","0"
"2023-11-01","PDSORA-GCFETAG30","0"
"2023-11-01","PDSORA-GCFETAL30","0"
"2023-11-01","PDSORA-GCFFGCM","0"
"2023-11-01","PDSORA-GCFFGCMTAG30","0"
"2023-11-01","PDSORA-GCFFGCMTAL30","0"
"2023-11-01","PDSORA-GCFFGEM","0"
"2023-11-01","PDSORA-GCFFGEMTAG30","0"
"2023-11-01","PDSORA-GCFFGEMTAL30","0"
"2023-11-01","PDSORA-GCFFGM","45464"
"2023-11-01","PDSORA-GCFFGMTAG30","25850"
"2023-11-01","PDSORA-GCFFGMTAL30","*"
"2023-11-01","PDSORA-GCFO","0"
"2023-11-01","PDSORA-GCFOTAG30","0"
"2023-11-01","PDSORA-GCFOTAL30","0"
"2023-11-01","PDSORA-GCFUTSET","12763"
"2023-11-01","PDSORA-GCFUTSETTAG30","20180"
"2023-11-01","PDSORA-GCFUTSETTAL30","*"
"2023-11-01","PDSORA-GCFUTST","*"
"2023-11-01","PDSORA-GCFUTSTTAG30","0"
"2023-11-01","PDSORA-GCFUTSTTAL30","0"
"2023-11-01","PDSORA-OC","-484"
"2023-11-01","PDSORA-OTOT","41753"
"2023-11-01","PDSORA-TRIABS","9501"
"2023-11-01","PDSORA-TRIABSTAG30","2786"
"2023-11-01","PDSORA-TRIABSTAL30","*"
"2023-11-01","PDSORA-TRICD","42987"
"2023-11-01","PDSORA-TRICDTAG30","22802"
"2023-11-01","PDSORA-TRICDTAL30","800"
"2023-11-01","PDSORA-TRIE","27292"
"2023-11-01","PDSORA-TRIETAG30","31433"
"2023-11-01","PDSORA-TRIETAL30","0"
"2023-11-01","PDSORA-TRIFGCM","5009"
"2023-11-01","PDSORA-TRIFGCMTAG30","2745"
"2023-11-01","PDSORA-TRIFGCMTAL30","28"
"2023-11-01","PDSORA-TRIFGEM","18008"
"2023-11-01","PDSORA-TRIFGEMTAG30","2545"
"2023-11-01","PDSORA-TRIFGEMTAL30","*"
"2023-11-01","PDSORA-TRIFGM","392857"
"2023-11-01","PDSORA-TRIFGMTAG30","54235"
"2023-11-01","PDSORA-TRIFGMTAL30","38751"
"2023-11-01","PDSORA-TRIO","28103"
"2023-11-01","PDSORA-TRIOTAG30","7497"
"2023-11-01","PDSORA-TRIOTAL30","*"
"2023-11-01","PDSORA-TRIUTSET","550482"
"2023-11-01","PDSORA-TRIUTSETTAG30","22631"
"2023-11-01","PDSORA-TRIUTSETTAL30","22054"
"2023-11-01","PDSORA-TRIUTST","71784"
"2023-11-01","PDSORA-TRIUTSTTAG30","2709"
"2023-11-01","PDSORA-TRIUTSTTAL30","388"
"2023-11-01","PDSORA-UBGABS","0"
"2023-11-01","PDSORA-UBGABSTAG30","0"
"2023-11-01","PDSORA-UBGABSTAL30","0"
"2023-11-01","PDSORA-UBGCD","1653"
"2023-11-01","PDSORA-UBGCDTAG30","*"
"2023-11-01","PDSORA-UBGCDTAL30","*"
"2023-11-01","PDSORA-UBGE","*"
"2023-11-01","PDSORA-UBGETAG30","0"
"2023-11-01","PDSORA-UBGETAL30","0"
"2023-11-01","PDSORA-UBGFGCM","0"
"2023-11-01","PDSORA-UBGFGCMTAG30","0"
"2023-11-01","PDSORA-UBGFGCMTAL30","0"
"2023-11-01","PDSORA-UBGFGEM","*"
"2023-11-01","PDSORA-UBGFGEMTAG30","0"
"2023-11-01","PDSORA-UBGFGEMTAL30","0"
"2023-11-01","PDSORA-UBGFGM","1516"
"2023-11-01","PDSORA-UBGFGMTAG30","*"
"2023-11-01","PDSORA-UBGFGMTAL30","0"
"2023-11-01","PDSORA-UBGO","*"
"2023-11-01","PDSORA-UBGOTAG30","0"
"2023-11-01","PDSORA-UBGOTAL30","0"
"2023-11-01","PDSORA-UBGUTSET","72197"
"2023-11-01","PDSORA-UBGUTSETTAG30","20104"
"2023-11-01","PDSORA-UBGUTSETTAL30","19960"
"2023-11-01","PDSORA-UBGUTST","24194"
"2023-11-01","PDSORA-UBGUTSTTAG30","*"
"2023-11-01","PDSORA-UBGUTSTTAL30","*"
"2023-11-01","PDSORA-UBSABS","914"
"2023-11-01","PDSORA-UBSABSTAG30","1315"
"2023-11-01","PDSORA-UBSABSTAL30","*"
"2023-11-01","PDSORA-UBSCD","10112"
"2023-11-01","PDSORA-UBSCDTAG30","7129"
"2023-11-01","PDSORA-UBSCDTAL30","3196"
"2023-11-01","PDSORA-UBSE","*"
"2023-11-01","PDSORA-UBSETAG30","0"
"2023-11-01","PDSORA-UBSETAL30","0"
"2023-11-01","PDSORA-UBSFGCM","182"
"2023-11-01","PDSORA-UBSFGCMTAG30","62"
"2023-11-01","PDSORA-UBSFGCMTAL30","*"
"2023-11-01","PDSORA-UBSFGEM","690"
"2023-11-01","PDSORA-UBSFGEMTAG30","0"
"2023-11-01","PDSORA-UBSFGEMTAL30","0"
"2023-11-01","PDSORA-UBSFGM","16183"
"2023-11-01","PDSORA-UBSFGMTAG30","2209"
"2023-11-01","PDSORA-UBSFGMTAL30","1850"
"2023-11-01","PDSORA-UBSO","2069"
"2023-11-01","PDSORA-UBSOTAG30","3948"
"2023-11-01","PDSORA-UBSOTAL30","68"
"2023-11-01","PDSORA-UBSUTSET","498017"
"2023-11-01","PDSORA-UBSUTSETTAG30","99962"
"2023-11-01","PDSORA-UBSUTSETTAL30","91632"
"2023-11-01","PDSORA-UBSUTST","63893"
"2023-11-01","PDSORA-UBSUTSTTAG30","3714"
"2023-11-01","PDSORA-UBSUTSTTAL30","7826"
"2023-11-01","PDSORA-UTSETC","49966"
"2023-11-01","PDSORA-UTSETTOT","1901132"
"2023-11-01","PDSORA-UTSTC","12286"
"2023-11-01","PDSORA-UTSTTOT","204255"
"2023-11-01","PDST10COT-WIB","7158"
"2023-11-01","PDST10COT-WIBC","1179"
"2023-11-01","PDST10COT-WO","12435"
"2023-11-01","PDST10COT-WOC","1515"
"2023-11-01","PDST10F-TD","*"
"2023-11-01","PDST10F-TDC","1"
"2023-11-01","PDST10F-TR","104"
"2023-11-01","PDST10F-TRC","104"
"2023-11-01","PDST10GFSIG-OO","*"
"2023-11-01","PDST10GFSIG-OOC","9"
"2023-11-01","PDST10GFSIG-T","*"
"2023-11-01","PDST10GFSIG-TC","0"
"2023-11-01","PDST10NSP","104"
"2023-11-01","PDST10NSPC","-587"
"2023-11-01","PDST10OGS-OO","1418"
"2023-11-01","PDST10OGS-OOC","-2353"
"2023-11-01","PDST10OSS-OO","7099"
"2023-11-01","PDST10OSS-OOC","2879"
"2023-11-01","PDST10OSSI-OO","6927"
"2023-11-01","PDST10OSSI-OOC","1905"
"2023-11-01","PDST10TGS-T","0"
"2023-11-01","PDST10TGS-TC","*"
"2023-11-01","PDST10TSSI-T","2483"
"2023-11-01","PDST10TSSI-TC","-1003"
"2023-11-01","PDST10TSTS-T","895"
"2023-11-01","PDST10TSTS-TC","-168"
"2023-11-01","PDST30COT-WIB","770"
"2023-11-01","PDST30COT-WIBC","-76"
"2023-11-01","PDST30COT-WO","1719"
"2023-11-01","PDST30COT-WOC","-1113"
"2023-11-01","PDST30F-TD","*"
"2023-11-01","PDST30F-TDC","3"
"2023-11-01","PDST30F-TR","48"
"2023-11-01","PDST30F-TRC","*"
"2023-11-01","PDST30GFSIG-OO","0"
"2023-11-01","PDST30GFSIG-OOC","*"
"2023-11-01","PDST30GFSIG-T","*"
"2023-11-01","PDST30GFSIG-TC","17"
"2023-11-01","PDST30NSP","456"
"2023-11-01","PDST30NSPC","-133"
"2023-11-01","PDST30OGS-OO","1527"
"2023-11-01","PDST30OGS-OOC","-769"
"2023-11-01","PDST30OSS-OO","1343"
"2023-11-01","PDST30OSS-OOC","475"
"2023-11-01","PDST30OSSI-OO","1784"
"2023-11-01","PDST30OSSI-OOC","-86"
"2023-11-01","PDST30TGS-T","0"
"2023-11-01","PDST30TGS-TC","*"
"2023-11-01","PDST30TSSI-T","1353"
"2023-11-01","PDST30TSSI-TC","-224"
"2023-11-01","PDST30TSTS-T","657"
"2023-11-01","PDST30TSTS-TC","-249"
"2023-11-01","PDST5COT-WIB","10280"
"2023-11-01","PDST5COT-WIBC","7013"
"2023-11-01","PDST5COT-WO","33677"
"2023-11-01","PDST5COT-WOC","15922"
"2023-11-01","PDST5F-TD","107"
"2023-11-01","PDST5F-TDC","*"
"2023-11-01","PDST5F-TR","*"
"2023-11-01","PDST5F-TRC","-295"
"2023-11-01","PDST5GFSIG-OO","0"
"2023-11-01","PDST5GFSIG-OOC","*"
"2023-11-01","PDST5GFSIG-T","0"
"2023-11-01","PDST5GFSIG-TC","0"
"2023-11-01","PDST5NSP","1433"
"2023-11-01","PDST5NSPC","3151"
"2023-11-01","PDST5OGS-OO","1710"
"2023-11-01","PDST5OGS-OOC","2"
"2023-11-01","PDST5OSS-OO","8812"
"2023-11-01","PDST5OSS-OOC","3230"
"2023-11-01","PDST5OSSI-OO","9029"
"2023-11-01","PDST5OSSI-OOC","1095"
"2023-11-01","PDST5TGS-T","80"
"2023-11-01","PDST5TGS-TC","80"
"2023-11-01","PDST5TSSI-T","551"
"2023-11-01","PDST5TSSI-TC","-3625"
"2023-11-01","PDST5TSTS-T","*"
"2023-11-01","PDST5TSTS-TC","*"
"2023-11-01","PDTIPSTOT","24419"
"2023-11-01","PDTIPSTOTC","4003"
"2023-11-01","PDTRAB-ALB","1191"
"2023-11-01","PDTRAB-ALBC","142"
"2023-11-01","PDTRAB-CC","75"
"2023-11-01","PDTRAB-CCC","22"
"2023-11-01","PDTRAB-OAB","703"
"2023-11-01","PDTRAB-OABC","-451"
"2023-11-01","PDTRAB-SLB","128"
"2023-11-01","PDTRAB-SLBC","97"
"2023-11-01","PDTRAB-TOT","2097"
"2023-11-01","PDTRAB-TOTC","-190"
"2023-11-01","PDTRCS-CP","98818"
"2023-11-01","PDTRCS-CPC","-6378"
"2023-11-01","PDTRCS-TOT","130722"
"2023-11-01","PDTRCS-TOTC","-30"
"2023-11-01","PDTRCSIND-BELG10","745"
"2023-11-01","PDTRCSIND-BELG10C","191"
"2023-11-01","PDTRCSIND-BELG13","3410"
"2023-11-01","PDTRCSIND-BELG13C","998"
"2023-11-01","PDTRCSIND-BELG5L10","3531"
"2023-11-01","PDTRCSIND-BELG5L10C","-177"
"2023-11-01","PDTRCSIND-BELL13","286"
"2023-11-01","PDTRCSIND-BELL13C","113"
"2023-11-01","PDTRCSIND-G10","8264"
"2023-11-01","PDTRCSIND-G10C","2418"
"2023-11-01","PDTRCSIND-G13","6129"
"2023-11-01","PDTRCSIND-G13C","733"
"2023-11-01","PDTRCSIND-G5L10","7534"
"2023-11-01","PDTRCSIND-G5L10C","1996"
"2023-11-01","PDTRCSIND-L13","2005"
"2023-11-01","PDTRCSIND-L13C","76"
"2023-11-01","PDTRFGSXM-C","8160"
"2023-11-01","PDTRFGSXM-CC","-1175"
"2023-11-01","PDTRFGSXM-DN","28306"
"2023-11-01","PDTRFGSXM-DNC","-4066"
"2023-11-01","PDTRFGSXM-TOT","36466"
"2023-11-01","PDTRFGSXM-TOTC","-5241"
"2023-11-01","PDTRGS-EXTB","230956"
"2023-11-01","PDTRGS-EXTBC","40061"
"2023-11-01","PDTRGS-FRN","7357"
"2023-11-01","PDTRGS-FRNC","1688"
"2023-11-01","PDTRGSC-G11L21","13749"
"2023-11-01","PDTRGSC-G11L21C","-1429"
"2023-11-01","PDTRGSC-G21","38590"
"2023-11-01","PDTRGSC-G21C","-533"
"2023-11-01","PDTRGSC-G2L3","50117"
"2023-11-01","PDTRGSC-G2L3C","9377"
"2023-11-01","PDTRGSC-G3L6","163137"
"2023-11-01","PDTRGSC-G3L6C","34135"
"2023-11-01","PDTRGSC-G6L7","60993"
"2023-11-01","PDTRGSC-G6L7C","31728"
"2023-11-01","PDTRGSC-G7L11","86494"
"2023-11-01","PDTRGSC-G7L11C","17063"
"2023-11-01","PDTRGSC-L2","94908"
"2023-11-01","PDTRGSC-L2C","-2834"
"2023-11-01","PDTRGST-TOT","770720"
"2023-11-01","PDTRGST-TOTC","133259"
"2023-11-01","PDTRMBS-TOT","214482"
"2023-11-01","PDTRMBS-TOTC","-26619"
"2023-11-01","PDTRMBSNA-O","648"
"2023-11-01","PDTRMBSNA-OC","93"
"2023-11-01","PDTRMBSNA-R","1069"
"2023-11-01","PDTRMBSNA-RC","-166"
"2023-11-01","PDTRMBSRPT-AO","1314"
"2023-11-01","PDTRMBSRPT-AOC","-800"
"2023-11-01","PDTRMBSRPT-C","319"
"2023-11-01","PDTRMBSRPT-CC","-276"
"2023-11-01","PDTRMBSRPT-CT","131844"
"2023-11-01","PDTRMBSRPT-CTC","-20421"
"2023-11-01","PDTRMBSRPT-DRT","69196"
"2023-11-01","PDTRMBSRPT-DRTC","10106"
"2023-11-01","PDTRMBSRPT-SPCT","10092"
"2023-11-01","PDTRMBSRPT-SPCTC","-15155"
"2023-11-01","PDTRMBSRPT-SPDR","0"
"2023-11-01","PDTRMBSRPT-SPDRC","0"
"2023-11-01","PDTRSMGO-G10","4953"
"2023-11-01","PDTRSMGO-G10C","-537"
"2023-11-01","PDTRSMGO-G13","963"
"2023-11-01","PDTRSMGO-G13C","-101"
"2023-11-01","PDTRSMGO-G5L10","1085"
"2023-11-01","PDTRSMGO-G5L10C","-306"
"2023-11-01","PDTRSMGO-L13","2205"
"2023-11-01","PDTRSMGO-L13C","159"
"2023-11-01","PDTRSMGO-TOT","11530"
"2023-11-01","PDTRSMGO-TOTC","-559"
"2023-11-01","PDTRSMGO-VRD","2324"
"2023-11-01","PDTRSMGO-VRDC","226"
"2023-11-01","PDTRTIPS-G11","722"
"2023-11-01","PDTRTIPS-G11C","-146"
"2023-11-01","PDTRTIPS-G2L6","14000"
"2023-11-01","PDTRTIPS-G2L6C","1607"
"2023-11-01","PDTRTIPS-G6L11","4522"
"2023-11-01","PDTRTIPS-G6L11C","313"
"2023-11-01","PDTRTIPS-LE2","5175"
"2023-11-01","PDTRTIPS-LE2C","2229"
"2023-11-01","PDWOAB","2072"
"2023-11-01","PDWOABC","-194"
"2023-11-01","PDWOCS","129890"
"2023-11-01","PDWOCSC","170"
"2023-11-01","PDWOFGSXM","36288"
"2023-11-01","PDWOFGSXMC","-5285"
"2023-11-01","PDWOMBS","159236"
"2023-11-01","PDWOMBSC","-19629"
"2023-11-01","PDWOSMGO","11481"
"2023-11-01","PDWOSMGOC","-558"
"2023-11-01","PDWOTIPS","19306"
"2023-11-01","PDABTOT","2097"
"2023-11-01","PDCSTOT","130722"
"2023-11-01","PDCSTOTC","-30"
"2023-11-01","PDFGSXMTOT","36466"
"2023-11-01","PDFGSXMTOTC","-5241"
"2023-11-01","PDFRN2COT-WIB","2268"
"2023-11-01","PDFRN2COT-WIBC","1342"
"2023-11-01","PDFRN2COT-WO","7960"
"2023-11-01","PDFRN2COT-WOC","6761"
"2023-11-01","PDFRN2F-TD","*"
"2023-11-01","PDFRN2F-TDC","*"
"2023-11-01","PDFRN2F-TR","*"
"2023-11-01","PDFRN2F-TRC","*"
"2023-11-01","PDFRN2GFSIG-OO","*"
"2023-11-01","PDFRN2GFSIG-OOC","*"
"2023-11-01","PDFRN2GFSIG-T","0"
"2023-11-01","PDFRN2GFSIG-TC","0"
"2023-11-01","PDFRN2NSP","3887"
"2023-11-01","PDFRN2NSPC","3431"
"2023-11-01","PDFRN2OGS-OO","2455"
"2023-11-01","PDFRN2OGS-OOC","1585"
"2023-11-01","PDFRN2OSS-OO","1044"
"2023-11-01","PDFRN2OSS-OOC","-95"
"2023-11-01","PDFRN2OSSI-OO","154"
"2023-11-01","PDFRN2OSSI-OOC","-1425"
"2023-11-01","PDFRN2TGS-T","*"
"2023-11-01","PDFRN2TGS-TC","*"
"2023-11-01","PDFRN2TSSI-T","*"
"2023-11-01","PDFRN2TSSI-TC","*"
"2023-11-01","PDFRN2TSTS-T","0"
"2023-11-01","PDFRN2TSTS-TC","*"
"2023-11-01","PDFRNIDEXT","976"
"2023-11-01","PDFRNIDEXTC","306"
"2023-11-01","PDFRNIDEXTTOTC","1688"
"2023-11-01","PDFRNIDWOEXT","6381"
"2023-11-01","PDFRNIDWOEXTC","1382"
"2023-11-01","PDFTD-CS","23039"
"2023-11-01","PDFTD-CSC","-249"
"2023-11-01","PDFTD-FGEM","3594"
"2023-11-01","PDFTD-FGEMC","1833"
"2023-11-01","PDFTD-FGM","25956"
"2023-11-01","PDFTD-FGMC","8822"
"2023-11-01","PDFTD-OM","1875"
"2023-11-01","PDFTD-OMC","-134"
"2023-11-01","PDFTD-UST","2283"
"2023-11-01","PDFTD-USTC","-1845"
"2023-11-01","PDFTD-USTET","71612"
"2023-11-01","PDFTD-USTETC","-6545"
"2023-11-01","PDFTR-CS","19289"
"2023-11-01","PDFTR-CSC","703"
"2023-11-01","PDFTR-FGEM","1440"
"2023-11-01","PDFTR-FGEMC","1202"
"2023-11-01","PDFTR-FGM","17007"
"2023-11-01","PDFTR-FGMC","-184"
"2023-11-01","PDFTR-OM","1307"
"2023-11-01","PDFTR-OMC","-551"
"2023-11-01","PDFTR-UST","3554"
"2023-11-01","PDFTR-USTC","-1236"
"2023-11-01","PDFTR-USTET","85878"
"2023-11-01","PDFTR-USTETC","-14213"
"2023-11-01","PDGSIDBEXT","194859"
"2023-11-01","PDGSIDBEXTC","23236"
"2023-11-01","PDGSWOEXT","544085"
"2023-11-01","PDGSWOEXTC","104332"
"2023-11-01","PDGSWOEXTTOT","738944"
"2023-11-01","PDGSWOEXTTOTC","127568"
"2023-11-01","PDIDBAB","25"
"2023-11-01","PDIDBABC","4"
"2023-11-01","PDIDBCS","832"
"2023-11-01","PDIDBCSC","-200"
"2023-11-01","PDIDBFGSXM","178"
"2023-11-01","PDIDBFGSXMC","44"
"2023-11-01","PDIDBMBS","55246"
"2023-11-01","PDIDBMBSC","-6990"
"2023-11-01","PDIDBSMGO","49"
"2023-11-01","PDIDBSMGOC","-1"
"2023-11-01","PDIDBTIPS","5113"
"2023-11-01","PDIDBTIPSC","1336"
"2023-11-01","PDMBSTOT","214482"
"2023-11-01","PDMBSTOTC","-26619"
"2023-11-01","PDMGOTOT","11530"
"2023-11-01","PDMGOTOTC","-559"
"2023-11-01","PDPOSABS-ALB","3025"
"2023-11-01","PDPOSABS-ALBC","178"
"2023-11-01","PDPOSABS-CCB","416"
"2023-11-01","PDPOSABS-CCBC","-9"
"2023-11-01","PDPOSABS-OAB","3708"
"2023-11-01","PDPOSABS-OABC","40"
"2023-11-01","PDPOSABS-SLB","1534"
"2023-11-01","PDPOSABS-SLBC","37"
"2023-11-01","PDPOSABS-TOT","8683"
"2023-11-01","PDPOSABS-TOTC","246"
"2023-11-01","PDPOSCS-TOT","20011"
"2023-11-01","PDPOSCS-TOTC","2469"
"2023-11-01","PDPOSCSBND-BELG10","704"
"2023-11-01","PDPOSCSBND-BELG10C","69"
"2023-11-01","PDPOSCSBND-BELG13","996"
"2023-11-01","PDPOSCSBND-BELG13C","-320"
"2023-11-01","PDPOSCSBND-BELG5L10","-452"
"2023-11-01","PDPOSCSBND-BELG5L10C","-197"
"2023-11-01","PDPOSCSBND-BELL13","1118"
"2023-11-01","PDPOSCSBND-BELL13C","142"
"2023-11-01","PDPOSCSBND-G10","792"
"2023-11-01","PDPOSCSBND-G10C","-121"
"2023-11-01","PDPOSCSBND-G13","4313"
"2023-11-01","PDPOSCSBND-G13C","1377"
"2023-11-01","PDPOSCSBND-G5L10","199"
"2023-11-01","PDPOSCSBND-G5L10C","743"
"2023-11-01","PDPOSCSBND-L13","2604"
"2023-11-01","PDPOSCSBND-L13C","623"
"2023-11-01","PDPOSCSCP","9737"
"2023-11-01","PDPOSCSCPC","153"
"2023-11-01","PDPOSFGS-C","12347"
"2023-11-01","PDPOSFGS-CC","1671"
"2023-11-01","PDPOSFGS-DN","4357"
"2023-11-01","PDPOSFGS-DNC","2866"
"2023-11-01","PDPOSFGS-TOT","16704"
"2023-11-01","PDPOSFGS-TOTC","4537"
"2023-11-01","PDPOSGS-B","57129"
"2023-11-01","PDPOSGS-BC","7602"
"2023-11-01","PDPOSGS-BFRN","5825"
"2023-11-01","PDPOSGS-BFRNC","-2395"
"2023-11-01","PDPOSGSC-G11L21","15919"
"2023-11-01","PDPOSGSC-G11L21C","1264"
"2023-11-01","PDPOSGSC-G21","16495"
"2023-11-01","PDPOSGSC-G21C","641"
"2023-11-01","PDPOSGSC-G2L3","2461"
"2023-11-01","PDPOSGSC-G2L3C","-1204"
"2023-11-01","PDPOSGSC-G3L6","38292"
"2023-11-01","PDPOSGSC-G3L6C","-5041"
"2023-11-01","PDPOSGSC-G6L7","16617"
"2023-11-01","PDPOSGSC-G6L7C","4237"
"2023-11-01","PDPOSGSC-G7L11","5856"
"2023-11-01","PDPOSGSC-G7L11C","-1001"
"2023-11-01","PDPOSGSC-L2","35629"
"2023-11-01","PDPOSGSC-L2C","6670"
"2023-11-01","PDPOSGST-TOT","211223"
"2023-11-01","PDPOSGST-TOTC","11713"
"2023-11-01","PDPOSMBS-TOT","85866"
"2023-11-01","PDPOSMBS-TOTC","-4193"
"2023-11-01","PDPOSMBSFGS-C","10449"
"2023-11-01","PDPOSMBSFGS-CC","513"
"2023-11-01","PDPOSMBSFGS-OR","24730"
"2023-11-01","PDPOSMBSFGS-ORC","-2707"
"2023-11-01","PDPOSMBSFGS-ST","336320"
"2023-11-01","PDPOSMBSFGS-STC","7162"
"2023-11-01","PDPOSMBSFGS-TBA","-298378"
"2023-11-01","PDPOSMBSFGS-TBAC","-9393"
"2023-11-01","PDPOSMBSNA-O","5941"
"2023-11-01","PDPOSMBSNA-OC","47"
"2023-11-01","PDPOSMBSNA-R","6804"
"2023-11-01","PDPOSMBSNA-RC","185"
"2023-11-01","PDPOSSMGO-G10","6165"
"2023-11-01","PDPOSSMGO-G10C","-311"
"2023-11-01","PDPOSSMGO-G13","1275"
"2023-11-01","PDPOSSMGO-G13C","15"
"2023-11-01","PDPOSSMGO-G5L10","2287"
"2023-11-01","PDPOSSMGO-G5L10C","-91"
"2023-11-01","PDPOSSMGO-L13","953"
"2023-11-01","PDPOSSMGO-L13C","-228"
"2023-11-01","PDPOSSMGO-TOT","11866"
"2023-11-01","PDPOSSMGO-TOTC","-2336"
"2023-11-01","PDPOSSMGO-VRD","1186"
"2023-11-01","PDPOSSMGO-VRDC","-1721"
"2023-11-01","PDPOSTIPS-G11","-27"
"2023-11-01","PDPOSTIPS-G11C","-156"
"2023-11-01","PDPOSTIPS-G2","6502"
"2023-11-01","PDPOSTIPS-G2C","-1255"
"2023-11-01","PDPOSTIPS-G6L11","1114"
"2023-11-01","PDPOSTIPS-G6L11C","-600"
"2023-11-01","PDPOSTIPS-L2","9411"
"2023-11-01","PDPOSTIPS-L2C","2951"
"2023-11-01","PDSI10COT-WIB","136315"
"2023-11-01","PDSI10COT-WIBC","21792"
"2023-11-01","PDSI10COT-WO","287401"
"2023-11-01","PDSI10COT-WOC","52366"
"2023-11-01","PDSI10F-TD","160"
"2023-11-01","PDSI10F-TDC","15"
"2023-11-01","PDSI10F-TR","192"
"2023-11-01","PDSI10F-TRC","24"
"2023-11-01","PDSI10GFSIG-OO","1197"
"2023-11-01","PDSI10GFSIG-OOC","146"
"2023-11-01","PDSI10GFSIG-T","*"
"2023-11-01","PDSI10GFSIG-TC","*"
"2023-11-01","PDSI10NSP","4778"
"2023-11-01","PDSI10NSPC","575"
"2023-11-01","PDSI10OGS-OO","4278"
"2023-11-01","PDSI10OGS-OOC","-3575"
"2023-11-01","PDSI10OSS-OO","26569"
"2023-11-01","PDSI10OSS-OOC","7611"
"2023-11-01","PDSI10OSSI-OO","28584"
"2023-11-01","PDSI10OSSI-OOC","2371"
"2023-11-01","PDSI10TGS-T","*"
"2023-11-01","PDSI10TGS-TC","-14"
"2023-11-01","PDSI10TSSI-T","10952"
"2023-11-01","PDSI10TSSI-TC","-184"
"2023-11-01","PDSI10TSTS-T","11619"
"2023-11-01","PDSI10TSTS-TC","634"
"2023-11-01","PDSI20COT-WIB","15275"
"2023-11-01","PDSI20COT-WIBC","-1454"
"2023-11-01","PDSI20COT-WO","29004"
"2023-11-01","PDSI20COT-WOC","-5749"
"2023-11-01","PDSI20F-TD","12"
"2023-11-01","PDSI20F-TDC","-187"
"2023-11-01","PDSI20F-TR","13"
"2023-11-01","PDSI20F-TRC","-198"
"2023-11-01","PDSI20GFSIG-OO","100"
"2023-11-01","PDSI20GFSIG-OOC","11"
"2023-11-01","PDSI20GFSIG-T","*"
"2023-11-01","PDSI20GFSIG-TC","24"
"2023-11-01","PDSI20NSP","-3685"
"2023-11-01","PDSI20NSPC","1154"
"2023-11-01","PDSI20OGS-OO","3015"
"2023-11-01","PDSI20OGS-OOC","2245"
"2023-11-01","PDSI20OSS-OO","7441"
"2023-11-01","PDSI20OSS-OOC","-3656"
"2023-11-01","PDSI20OSSI-OO","11896"
"2023-11-01","PDSI20OSSI-OOC","-3985"
"2023-11-01","PDSI20TGS-T","*"
"2023-11-01","PDSI20TGS-TC","14"
"2023-11-01","PDSI20TSSI-T","4274"
"2023-11-01","PDSI20TSSI-TC","-74"
"2023-11-01","PDSI20TSTS-T","1990"
"2023-11-01","PDSI20TSTS-TC","-1388"
"2023-11-01","PDSI2COT-WIB","102085"
"2023-11-01","PDSI2COT-WIBC","2540"
"2023-11-01","PDSI2COT-WO","165967"
"2023-11-01","PDSI2COT-WOC","-15719"
"2023-11-01","PDSI2F-TD","371"
"2023-11-01","PDSI2F-TDC","323"
"2023-11-01","PDSI2F-TR","288"
"2023-11-01","PDSI2F-TRC","87"
"2023-11-01","PDSI2GFSIG-OO","404"
"2023-11-01","PDSI2GFSIG-OOC","-261"
"2023-11-01","PDSI2GFSIG-T","0"
"2023-11-01","PDSI2GFSIG-TC","*"
"2023-11-01","PDSI2NSP","-1898"
"2023-11-01","PDSI2NSPC","-4773"
"2023-11-01","PDSI2OGS-OO","7514"
"2023-11-01","PDSI2OGS-OOC","-508"
"2023-11-01","PDSI2OSS-OO","20307"
"2023-11-01","PDSI2OSS-OOC","4415"
"2023-11-01","PDSI2OSSI-OO","30544"
"2023-11-01","PDSI2OSSI-OOC","10344"
"2023-11-01","PDSI2TGS-T","93"
"2023-11-01","PDSI2TGS-TC","*"
"2023-11-01","PDSI2TSSI-T","1492"
"2023-11-01","PDSI2TSSI-TC","-7616"
"2023-11-01","PDSI2TSTS-T","1204"
"2023-11-01","PDSI2TSTS-TC","-6704"
"2023-11-01","PDSI30COT-WIB","49459"
"2023-11-01","PDSI30COT-WIBC","3227"
"2023-11-01","PDSI30COT-WO","87558"
"2023-11-01","PDSI30COT-WOC","3148"
"2023-11-01","PDSI30F-TD","110"
"2023-11-01","PDSI30F-TDC","73"
"2023-11-01","PDSI30F-TR","59"
"2023-11-01","PDSI30F-TRC","22"
"2023-11-01","PDSI30GFSIG-OO","402"
"2023-11-01","PDSI30GFSIG-OOC","*"
"2023-11-01","PDSI30GFSIG-T","*"
"2023-11-01","PDSI30GFSIG-TC","6"
"2023-11-01","PDSI30NSP","2935"
"2023-11-01","PDSI30NSPC","30"
"2023-11-01","PDSI30OGS-OO","2644"
"2023-11-01","PDSI30OGS-OOC","-3076"
"2023-11-01","PDSI30OSS-OO","17934"
"2023-11-01","PDSI30OSS-OOC","5481"
"2023-11-01","PDSI30OSSI-OO","16858"
"2023-11-01","PDSI30OSSI-OOC","1974"
"2023-11-01","PDSI30TGS-T","*"
"2023-11-01","PDSI30TGS-TC","-29"
"2023-11-01","PDSI30TSSI-T","5599"
"2023-11-01","PDSI30TSSI-TC","1087"
"2023-11-01","PDSI30TSTS-T","4742"
"2023-11-01","PDSI30TSTS-TC","1771"
"2023-11-01","PDSI3COT-WIB","70788"
"2023-11-01","PDSI3COT-WIBC","12068"
"2023-11-01","PDSI3COT-WO","113136"
"2023-11-01","PDSI3COT-WOC","24480"
"2023-11-01","PDSI3F-TD","188"
"2023-11-01","PDSI3F-TDC","*"
"2023-11-01","PDSI3F-TR","364"
"2023-11-01","PDSI3F-TRC","*"
"2023-11-01","PDSI3GFSIG-OO","169"
"2023-11-01","PDSI3GFSIG-OOC","-64"
"2023-11-01","PDSI3GFSIG-T","0"
"2023-11-01","PDSI3GFSIG-TC","0"
"2023-11-01","PDSI3NSP","-2107"
"2023-11-01","PDSI3NSPC","-983"
"2023-11-01","PDSI3OGS-OO","1773"
"2023-11-01","PDSI3OGS-OOC","-1172"
"2023-11-01","PDSI3OSS-OO","21403"
"2023-11-01","PDSI3OSS-OOC","5851"
"2023-11-01","PDSI3OSSI-OO","23341"
"2023-11-01","PDSI3OSSI-OOC","3430"
"2023-11-01","PDSI3TGS-T","0"
"2023-11-01","PDSI3TGS-TC","*"
"2023-11-01","PDSI3TSSI-T","5041"
"2023-11-01","PDSI3TSSI-TC","1397"
"2023-11-01","PDSI3TSTS-T","2164"
"2023-11-01","PDSI3TSTS-TC","1160"
"2023-11-01","PDSI5COT-WIB","196565"
"2023-11-01","PDSI5COT-WIBC","18281"
"2023-11-01","PDSI5COT-WO","387547"
"2023-11-01","PDSI5COT-WOC","90672"
"2023-11-01","PDSI5F-TD","248"
"2023-11-01","PDSI5F-TDC","-464"
"2023-11-01","PDSI5F-TR","546"
"2023-11-01","PDSI5F-TRC","-584"
"2023-11-01","PDSI5GFSIG-OO","5026"
"2023-11-01","PDSI5GFSIG-OOC","4308"
"2023-11-01","PDSI5GFSIG-T","0"
"2023-11-01","PDSI5GFSIG-TC","0"
"2023-11-01","PDSI5NSP","-4534"
"2023-11-01","PDSI5NSPC","-462"
"2023-11-01","PDSI5OGS-OO","10025"
"2023-11-01","PDSI5OGS-OOC","7399"
"2023-11-01","PDSI5OSS-OO","20187"
"2023-11-01","PDSI5OSS-OOC","-6080"
"2023-11-01","PDSI5OSSI-OO","28725"
"2023-11-01","PDSI5OSSI-OOC","11"
"2023-11-01","PDSI5TGS-T","*"
"2023-11-01","PDSI5TGS-TC","*"
"2023-11-01","PDSI5TSSI-T","4487"
"2023-11-01","PDSI5TSSI-TC","-4924"
"2023-11-01","PDSI5TSTS-T","934"
"2023-11-01","PDSI5TSTS-TC","-3607"
"2023-11-01","PDSI7COT-WIB","46348"
"2023-11-01","PDSI7COT-WIBC","13733"
"2023-11-01","PDSI7COT-WO","122568"
"2023-11-01","PDSI7COT-WOC","58532"
"2023-11-01","PDSI7F-TD","52"
"2023-11-01","PDSI7F-TDC","-82"
"2023-11-01","PDSI7F-TR","105"
"2023-11-01","PDSI7F-TRC","-36"
"2023-11-01","PDSI7GFSIG-OO","3709"
"2023-11-01","PDSI7GFSIG-OOC","2679"
"2023-11-01","PDSI7GFSIG-T","0"
"2023-11-01","PDSI7GFSIG-TC","0"
"2023-11-01","PDSI7NSP","884"
"2023-11-01","PDSI7NSPC","783"
"2023-11-01","PDSI7OGS-OO","7530"
"2023-11-01","PDSI7OGS-OOC","2413"
"2023-11-01","PDSI7OSS-OO","12615"
"2023-11-01","PDSI7OSS-OOC","1576"
"2023-11-01","PDSI7OSSI-OO","17452"
"2023-11-01","PDSI7OSSI-OOC","4638"
"2023-11-01","PDSI7TGS-T","*"
"2023-11-01","PDSI7TGS-TC","*"
"2023-11-01","PDSI7TSSI-T","1639"
"2023-11-01","PDSI7TSSI-TC","-3858"
"2023-11-01","PDSI7TSTS-T","786"
"2023-11-01","PDSI7TSTS-TC","-710"
"2023-11-01","PDSIOSB-ABS","*"
"2023-11-01","PDSIOSB-ABSC","0"
"2023-11-01","PDSIOSB-ABSTAG30","0"
"2023-11-01","PDSIOSB-ABSTAL30","0"
"2023-11-01","PDSIOSB-ABSTOT","*"
"2023-11-01","PDSIOSB-CD","69007"
"2023-11-01","PDSIOSB-CDC","-25"
"2023-11-01","PDSIOSB-CDTAG30","452"
"2023-11-01","PDSIOSB-CDTAL30","422"
"2023-11-01","PDSIOSB-CDTOT","69881"
"2023-11-01","PDSIOSB-E","165289"
"2023-11-01","PDSIOSB-EC","5169"
"2023-11-01","PDSIOSB-ETAG30","9580"
"2023-11-01","PDSIOSB-ETAL30","*"
"2023-11-01","PDSIOSB-ETOT","*"
"2023-11-01","PDSIOSB-FGCM","0"
"2023-11-01","PDSIOSB-FGCMTAG30","0"
"2023-11-01","PDSIOSB-FGCMTAL30","0"
"2023-11-01","PDSIOSB-FGCMTOT","0"
"2023-11-01","PDSIOSB-FGCMTOTC","0"
"2023-11-01","PDSIOSB-FGEM","2602"
"2023-11-01","PDSIOSB-FGEMC","*"
"2023-11-01","PDSIOSB-FGEMTAG30","0"
"2023-11-01","PDSIOSB-FGEMTAL30","0"
"2023-11-01","PDSIOSB-FGEMTOT","2602"
"2023-11-01","PDSIOSB-FGM","420"
"2023-11-01","PDSIOSB-FGMC","-108"
"2023-11-01","PDSIOSB-FGMTAG30","506"
"2023-11-01","PDSIOSB-FGMTAL30","0"
"2023-11-01","PDSIOSB-FGMTOT","926"
"2023-11-01","PDSIOSB-O","380"
"2023-11-01","PDSIOSB-OC","18"
"2023-11-01","PDSIOSB-OTAG30","*"
"2023-11-01","PDSIOSB-OTAL30","0"
"2023-11-01","PDSIOSB-OTOT","*"
"2023-11-01","PDSIOSB-UTSET","224049"
"2023-11-01","PDSIOSB-UTSETC","-11798"
"2023-11-01","PDSIOSB-UTSETTA30","4853"
"2023-11-01","PDSIOSB-UTSETTAG30","75207"
"2023-11-01","PDSIOSB-UTSETTOT","304109"
"2023-11-01","PDSIOSB-UTST","30265"
"2023-11-01","PDSIOSB-UTSTC","-106"
"2023-11-01","PDSIOSB-UTSTTAG30","6665"
"2023-11-01","PDSIOSB-UTSTTAL30","1510"
"2023-11-01","PDSIOSB-UTSTTOT","38440"
"2023-11-01","PDSIRRA-ABSC","131"
"2023-11-01","PDSIRRA-ABSTOT","*"
"2023-11-01","PDSIRRA-CBGABS","0"
"2023-11-01","PDSIRRA-CBGABSTAG30","0"
"2023-11-01","PDSIRRA-CBGABSTAL30","0"
"2023-11-01","PDSIRRA-CBGCD","0"
"2023-11-01","PDSIRRA-CBGCDTAG30","0"
"2023-11-01","PDSIRRA-CBGCDTAL30","0"
"2023-11-01","PDSIRRA-CBGE","0"
"2023-11-01","PDSIRRA-CBGETAG30","0"
"2023-11-01","PDSIRRA-CBGETAL30","0"
"2023-11-01","PDSIRRA-CBGFGCM","0"
"2023-11-01","PDSIRRA-CBGFGCMTAG30","0"
"2023-11-01","PDSIRRA-CBGFGCMTAL30","0"
"2023-11-01","PDSIRRA-CBGFGEM","0"
"2023-11-01","PDSIRRA-CBGFGEMTAG30","0"
"2023-11-01","PDSIRRA-CBGFGEMTAL30","0"
"2023-11-01","PDSIRRA-CBGFGM","0"
"2023-11-01","PDSIRRA-CBGFGMTAG30","0"
"2023-11-01","PDSIRRA-CBGFGMTAL30","0"
"2023-11-01","PDSIRRA-CBGO","0"
"2023-11-01","PDSIRRA-CBGOTAG30","0"
"2023-11-01","PDSIRRA-CBGOTAL30","0"
"2023-11-01","PDSIRRA-CBGUTSET","22360"
"2023-11-01","PDSIRRA-CBGUTSETTAG30","8153"
"2023-11-01","PDSIRRA-CBGUTSETTAL30","4912"
"2023-11-01","PDSIRRA-CBGUTST","3047"
"2023-11-01","PDSIRRA-CBGUTSTTAG30","*"
"2023-11-01","PDSIRRA-CBGUTSTTAL30","0"
"2023-11-01","PDSIRRA-CBSABS","0"
"2023-11-01","PDSIRRA-CBSABSTAG30","0"
"2023-11-01","PDSIRRA-CBSABSTAL30","0"
"2023-11-01","PDSIRRA-CBSCD","0"
"2023-11-01","PDSIRRA-CBSCDTAG30","0"
"2023-11-01","PDSIRRA-CBSCDTAL30","0"
"2023-11-01","PDSIRRA-CBSE","0"
"2023-11-01","PDSIRRA-CBSETAG30","0"
"2023-11-01","PDSIRRA-CBSETAL30","0"
"2023-11-01","PDSIRRA-CBSFGCM","0"
"2023-11-01","PDSIRRA-CBSFGCMTAG30","0"
"2023-11-01","PDSIRRA-CBSFGCMTAL30","0"
"2023-11-01","PDSIRRA-CBSFGEM","0"
"2023-11-01","PDSIRRA-CBSFGEMTAG30","0"
"2023-11-01","PDSIRRA-CBSFGEMTAL30","0"
"2023-11-01","PDSIRRA-CBSFGM","0"
"2023-11-01","PDSIRRA-CBSFGMTAG30","0"
"2023-11-01","PDSIRRA-CBSFGMTAL30","0"
"2023-11-01","PDSIRRA-CBSO","0"
"2023-11-01","PDSIRRA-CBSOTAG30","0"
"2023-11-01","PDSIRRA-CBSOTAL30","0"
"2023-11-01","PDSIRRA-CBSPABS","0"
"2023-11-01","PDSIRRA-CBSPABSTAG30","0"
"2023-11-01","PDSIRRA-CBSPABSTAL30","0"
"2023-11-01","PDSIRRA-CBSPCD","0"
"2023-11-01","PDSIRRA-CBSPCDTAG30","0"
"2023-11-01","PDSIRRA-CBSPCDTAL30","0"
"2023-11-01","PDSIRRA-CBSPE","0"
"2023-11-01","PDSIRRA-CBSPETAG30","0"
"2023-11-01","PDSIRRA-CBSPETAL30","0"
"2023-11-01","PDSIRRA-CBSPFGCM","0"
"2023-11-01","PDSIRRA-CBSPFGCMTAG30","0"
"2023-11-01","PDSIRRA-CBSPFGCMTAL30","0"
"2023-11-01","PDSIRRA-CBSPFGEM","0"
"2023-11-01","PDSIRRA-CBSPFGEMTAG30","0"
"2023-11-01","PDSIRRA-CBSPFGEMTAL30","0"
"2023-11-01","PDSIRRA-CBSPFGM","0"
"2023-11-01","PDSIRRA-CBSPFGMTAG30","0"
"2023-11-01","PDSIRRA-CBSPFGMTAL30","0"
"2023-11-01","PDSIRRA-CBSPO","0"
"2023-11-01","PDSIRRA-CBSPOTAG30","0"
"2023-11-01","PDSIRRA-CBSPOTAL30","0"
"2023-11-01","PDSIRRA-CBSPUTSET","73200"
"2023-11-01","PDSIRRA-CBSPUTSETTAG30","*"
"2023-11-01","PDSIRRA-CBSPUTSETTAL30","18140"
"2023-11-01","PDSIRRA-CBSPUTST","4203"
"2023-11-01","PDSIRRA-CBSPUTSTTAG30","*"
"2023-11-01","PDSIRRA-CBSPUTSTTAL30","*"
"2023-11-01","PDSIRRA-CBSUTSET","300338"
"2023-11-01","PDSIRRA-CBSUTSETTAG30","68023"
"2023-11-01","PDSIRRA-CBSUTSETTAL30","32409"
"2023-11-01","PDSIRRA-CBSUTST","20064"
"2023-11-01","PDSIRRA-CBSUTSTTAG30","*"
"2023-11-01","PDSIRRA-CBSUTSTTAL30","0"
"2023-11-01","PDSIRRA-CDC","*"
"2023-11-01","PDSIRRA-CDTOT","*"
"2023-11-01","PDSIRRA-EC","-18"
"2023-11-01","PDSIRRA-ETOT","91"
"2023-11-01","PDSIRRA-FGCMTOT","2157"
"2023-11-01","PDSIRRA-FGCMTOTC","-43"
"2023-11-01","PDSIRRA-FGEMC","176"
"2023-11-01","PDSIRRA-FGEMTOT","3844"
"2023-11-01","PDSIRRA-FGMC","-8032"
"2023-11-01","PDSIRRA-FGMTOT","*"
"2023-11-01","PDSIRRA-GCFABS","0"
"2023-11-01","PDSIRRA-GCFABSTAG30","0"
"2023-11-01","PDSIRRA-GCFABSTAL30","0"
"2023-11-01","PDSIRRA-GCFCD","0"
"2023-11-01","PDSIRRA-GCFCDTAG30","0"
"2023-11-01","PDSIRRA-GCFCDTAL30","0"
"2023-11-01","PDSIRRA-GCFE","0"
"2023-11-01","PDSIRRA-GCFETAG30","0"
"2023-11-01","PDSIRRA-GCFETAL30","0"
"2023-11-01","PDSIRRA-GCFFGCM","0"
"2023-11-01","PDSIRRA-GCFFGCMTAG30","0"
"2023-11-01","PDSIRRA-GCFFGCMTAL30","0"
"2023-11-01","PDSIRRA-GCFFGEM","*"
"2023-11-01","PDSIRRA-GCFFGEMTAG30","0"
"2023-11-01","PDSIRRA-GCFFGEMTAL30","0"
"2023-11-01","PDSIRRA-GCFFGM","31530"
"2023-11-01","PDSIRRA-GCFFGMTAG30","32450"
"2023-11-01","PDSIRRA-GCFFGMTAL30","17450"
"2023-11-01","PDSIRRA-GCFO","0"
"2023-11-01","PDSIRRA-GCFOTAG30","0"
"2023-11-01","PDSIRRA-GCFOTAL30","0"
"2023-11-01","PDSIRRA-GCFUTSET","11710"
"2023-11-01","PDSIRRA-GCFUTSETTAG30","44215"
"2023-11-01","PDSIRRA-GCFUTSETTAL30","4425"
"2023-11-01","PDSIRRA-GCFUTST","*"
"2023-11-01","PDSIRRA-GCFUTSTTAG30","0"
"2023-11-01","PDSIRRA-GCFUTSTTAL30","0"
"2023-11-01","PDSIRRA-OC","-288"
"2023-11-01","PDSIRRA-OTOT","22823"
"2023-11-01","PDSIRRA-TRIABS","0"
"2023-11-01","PDSIRRA-TRIABSTAG30","0"
"2023-11-01","PDSIRRA-TRIABSTAL30","0"
"2023-11-01","PDSIRRA-TRICD","1265"
"2023-11-01","PDSIRRA-TRICDTAG30","0"
"2023-11-01","PDSIRRA-TRICDTAL30","0"
"2023-11-01","PDSIRRA-TRIE","*"
"2023-11-01","PDSIRRA-TRIETAG30","0"
"2023-11-01","PDSIRRA-TRIETAL30","0"
"2023-11-01","PDSIRRA-TRIFGCM","0"
"2023-11-01","PDSIRRA-TRIFGCMTAG30","0"
"2023-11-01","PDSIRRA-TRIFGCMTAL30","0"
"2023-11-01","PDSIRRA-TRIFGEM","0"
"2023-11-01","PDSIRRA-TRIFGEMTAG30","0"
"2023-11-01","PDSIRRA-TRIFGEMTAL30","0"
"2023-11-01","PDSIRRA-TRIFGM","8337"
"2023-11-01","PDSIRRA-TRIFGMTAG30","0"
"2023-11-01","PDSIRRA-TRIFGMTAL30","0"
"2023-11-01","PDSIRRA-TRIO","908"
"2023-11-01","PDSIRRA-TRIOTAG30","*"
"2023-11-01","PDSIRRA-TRIOTAL30","0"
"2023-11-01","PDSIRRA-TRIUTSET","6541"
"2023-11-01","PDSIRRA-TRIUTSETTAG30","0"
"2023-11-01","PDSIRRA-TRIUTSETTAL30","0"
"2023-11-01","PDSIRRA-TRIUTST","*"
"2023-11-01","PDSIRRA-TRIUTSTTAG30","0"
"2023-11-01","PDSIRRA-TRIUTSTTAL30","0"
"2023-11-01","PDSIRRA-UBGABS","0"
"2023-11-01","PDSIRRA-UBGABSTAG30","*"
"2023-11-01","PDSIRRA-UBGABSTAL30","0"
"2023-11-01","PDSIRRA-UBGCD","1771"
"2023-11-01","PDSIRRA-UBGCDTAG30","*"
"2023-11-01","PDSIRRA-UBGCDTAL30","0"
"2023-11-01","PDSIRRA-UBGE","0"
"2023-11-01","PDSIRRA-UBGETAG30","0"
"2023-11-01","PDSIRRA-UBGETAL30","0"
"2023-11-01","PDSIRRA-UBGFGCM","0"
"2023-11-01","PDSIRRA-UBGFGCMTAG30","*"
"2023-11-01","PDSIRRA-UBGFGCMTAL30","*"
"2023-11-01","PDSIRRA-UBGFGEM","*"
"2023-11-01","PDSIRRA-UBGFGEMTAG30","0"
"2023-11-01","PDSIRRA-UBGFGEMTAL30","*"
"2023-11-01","PDSIRRA-UBGFGM","*"
"2023-11-01","PDSIRRA-UBGFGMTAG30","18640"
"2023-11-01","PDSIRRA-UBGFGMTAL30","3721"
"2023-11-01","PDSIRRA-UBGO","*"
"2023-11-01","PDSIRRA-UBGOTAG30","*"
"2023-11-01","PDSIRRA-UBGOTAL30","*"
"2023-11-01","PDSIRRA-UBGUTSET","189730"
"2023-11-01","PDSIRRA-UBGUTSETTAG30","61200"
"2023-11-01","PDSIRRA-UBGUTSETTAL30","20162"
"2023-11-01","PDSIRRA-UBGUTST","14005"
"2023-11-01","PDSIRRA-UBGUTSTTAG30","12194"
"2023-11-01","PDSIRRA-UBGUTSTTAL30","1693"
"2023-11-01","PDSIRRA-UBSABS","291"
"2023-11-01","PDSIRRA-UBSABSTAG30","5901"
"2023-11-01","PDSIRRA-UBSABSTAL30","499"
"2023-11-01","PDSIRRA-UBSCD","9728"
"2023-11-01","PDSIRRA-UBSCDTAG30","8326"
"2023-11-01","PDSIRRA-UBSCDTAL30","3325"
"2023-11-01","PDSIRRA-UBSE","*"
"2023-11-01","PDSIRRA-UBSETAG30","0"
"2023-11-01","PDSIRRA-UBSETAL30","0"
"2023-11-01","PDSIRRA-UBSFGCM","*"
"2023-11-01","PDSIRRA-UBSFGCMTAG30","1614"
"2023-11-01","PDSIRRA-UBSFGCMTAL30","*"
"2023-11-01","PDSIRRA-UBSFGEM","993"
"2023-11-01","PDSIRRA-UBSFGEMTAG30","1102"
"2023-11-01","PDSIRRA-UBSFGEMTAL30","1622"
"2023-11-01","PDSIRRA-UBSFGM","12267"
"2023-11-01","PDSIRRA-UBSFGMTAG30","109216"
"2023-11-01","PDSIRRA-UBSFGMTAL30","18892"
"2023-11-01","PDSIRRA-UBSO","2449"
"2023-11-01","PDSIRRA-UBSOTAG30","17781"
"2023-11-01","PDSIRRA-UBSOTAL30","811"
"2023-11-01","PDSIRRA-UBSUTSET","484236"
"2023-11-01","PDSIRRA-UBSUTSETTAG30","234122"
"2023-11-01","PDSIRRA-UBSUTSETTAL30","177174"
"2023-11-01","PDSIRRA-UBSUTST","59649"
"2023-11-01","PDSIRRA-UBSUTSTTAG30","32283"
"2023-11-01","PDSIRRA-UBSUTSTTAL30","33067"
"2023-11-01","PDSIRRA-UTSETC","*"
"2023-11-01","PDSIRRA-UTSETTOT","*"
"2023-10-31","PDMEFNMAFHLMC15-DRG55","924"
"2023-10-31","PDMEFNMAFHLMC15-DRL20","3260"
"2023-10-31","PDMEFNMAFHLMC15-DRT","61018"
"2023-10-31","PDMEFNMAFHLMC15-FD20","0"
"2023-10-31","PDMEFNMAFHLMC15-FD25","61"
"2023-10-31","PDMEFNMAFHLMC15-FD30","*"
"2023-10-31","PDMEFNMAFHLMC15-FD35","0"
"2023-10-31","PDMEFNMAFHLMC15-FD40","*"
"2023-10-31","PDMEFNMAFHLMC15-FD45","*"
"2023-10-31","PDMEFNMAFHLMC15-FD50","51"
"2023-10-31","PDMEFNMAFHLMC15-FD55","*"
"2023-10-31","PDMEFNMAFHLMC15-FDG55","0"
"2023-10-31","PDMEFNMAFHLMC15-FDL20","0"
"2023-10-31","PDMEFNMAFHLMC15-FDT","237"
"2023-10-31","PDMEFNMAFHLMC15-FR20","0"
"2023-10-31","PDMEFNMAFHLMC15-FR25","*"
"2023-10-31","PDMEFNMAFHLMC15-FR30","*"
"2023-10-31","PDMEFNMAFHLMC15-FR35","0"
"2023-10-31","PDMEFNMAFHLMC15-FR40","0"
"2023-10-31","PDMEFNMAFHLMC15-FR45","0"
"2023-10-31","PDMEFNMAFHLMC15-FR50","*"
"2023-10-31","PDMEFNMAFHLMC15-FR55","*"
"2023-10-31","PDMEFNMAFHLMC15-FRG55","0"
"2023-10-31","PDMEFNMAFHLMC15-FRL20","0"
"2023-10-31","PDMEFNMAFHLMC15-FRT","73"
"2023-10-31","PDMEFNMAFHLMC15-OUT20","10866"
"2023-10-31","PDMEFNMAFHLMC15-OUT25","14582"
"2023-10-31","PDMEFNMAFHLMC15-OUT30","8609"
"2023-10-31","PDMEFNMAFHLMC15-OUT35","5461"
"2023-10-31","PDMEFNMAFHLMC15-OUT40","8473"
"2023-10-31","PDMEFNMAFHLMC15-OUT45","9531"
"2023-10-31","PDMEFNMAFHLMC15-OUT50","13753"
"2023-10-31","PDMEFNMAFHLMC15-OUT55","7005"
"2023-10-31","PDMEFNMAFHLMC15-OUTG55","2690"
"2023-10-31","PDMEFNMAFHLMC15-OUTL20","2708"
"2023-10-31","PDMEFNMAFHLMC15-OUTT","83678"
"2023-10-31","PDMEGNMA-DR25","58719"
"2023-10-31","PDMEGNMA-DR30","68110"
"2023-10-31","PDMEGNMA-DR35","45533"
"2023-10-31","PDMEGNMA-DR40","51846"
"2023-10-31","PDMEGNMA-DR45","67794"
"2023-10-31","PDMEGNMA-DR50","48394"
"2023-10-31","PDMEGNMA-DR55","75121"
"2023-10-31","PDMEGNMA-DR60","81686"
"2023-10-31","PDMEGNMA-DRG60","46832"
"2023-10-31","PDMEGNMA-DRL25","20873"
"2023-10-31","PDMEGNMA-DRT","564908"
"2023-10-31","PDMEGNMA-FD25","*"
"2023-10-31","PDMEGNMA-FD30","*"
"2023-10-31","PDMEGNMA-FD35","*"
"2023-10-31","PDMEGNMA-FD40","*"
"2023-10-31","PDMEGNMA-FD45","0"
"2023-10-31","PDMEGNMA-FD50","*"
"2023-10-31","PDMEGNMA-FD55","*"
"2023-10-31","PDMEGNMA-FD60","*"
"2023-10-31","PDMEGNMA-FDG60","1799"
"2023-10-31","PDMEGNMA-FDL25","*"
"2023-10-31","PDMEGNMA-FDT","1882"
"2023-10-31","PDMEGNMA-FR25","*"
"2023-10-31","PDMEGNMA-FR30","*"
"2023-10-31","PDMEGNMA-FR35","*"
"2023-10-31","PDMEGNMA-FR40","0"
"2023-10-31","PDMEGNMA-FR45","0"
"2023-10-31","PDMEGNMA-FR50","*"
"2023-10-31","PDMEGNMA-FR55","*"
"2023-10-31","PDMEGNMA-FR60","57"
"2023-10-31","PDMEGNMA-FRG60","51"
"2023-10-31","PDMEGNMA-FRL25","*"
"2023-10-31","PDMEGNMA-FRT","222"
"2023-10-31","PDMEGNMA-OUT25","41090"
"2023-10-31","PDMEGNMA-OUT30","44850"
"2023-10-31","PDMEGNMA-OUT35","21851"
"2023-10-31","PDMEGNMA-OUT40","30729"
"2023-10-31","PDMEGNMA-OUT45","69509"
"2023-10-31","PDMEGNMA-OUT50","61569"
"2023-10-31","PDMEGNMA-OUT55","109057"
"2023-10-31","PDMEGNMA-OUT60","115850"
"2023-10-31","PDMEGNMA-OUTG60","122203"
"2023-10-31","PDMEGNMA-OUTL25","20807"
"2023-10-31","PDMEGNMA-OUTT","637515"
"2023-10-31","PDMEFHLMCNONUMBS-DR25","0"
"2023-10-31","PDMEFHLMCNONUMBS-DR30","0"
"2023-10-31","PDMEFHLMCNONUMBS-DR35","0"
"2023-10-31","PDMEFHLMCNONUMBS-DR40","0"
"2023-10-31","PDMEFHLMCNONUMBS-DR45","0"
"2023-10-31","PDMEFHLMCNONUMBS-DR50","0"
"2023-10-31","PDMEFHLMCNONUMBS-DR55","0"
"2023-10-31","PDMEFHLMCNONUMBS-DR60","0"
"2023-10-31","PDMEFHLMCNONUMBS-DRG60","0"
"2023-10-31","PDMEFHLMCNONUMBS-DRL25","0"
"2023-10-31","PDMEFHLMCNONUMBS-DRT","0"
"2023-10-31","PDMEFHLMCNONUMBS-FD25","0"
"2023-10-31","PDMEFHLMCNONUMBS-FD30","0"
"2023-10-31","PDMEFHLMCNONUMBS-FD35","*"
"2023-10-31","PDMEFHLMCNONUMBS-FD40","*"
"2023-10-31","PDMEFHLMCNONUMBS-FD45","0"
"2023-10-31","PDMEFHLMCNONUMBS-FD50","0"
"2023-10-31","PDMEFHLMCNONUMBS-FD55","0"
"2023-10-31","PDMEFHLMCNONUMBS-FD60","*"
"2023-10-31","PDMEFHLMCNONUMBS-FDG60","0"
"2023-10-31","PDMEFHLMCNONUMBS-FDL25","*"
"2023-10-31","PDMEFHLMCNONUMBS-FDT","94"
"2023-10-31","PDMEFHLMCNONUMBS-FR25","0"
"2023-10-31","PDMEFHLMCNONUMBS-FR30","0"
"2023-10-31","PDMEFHLMCNONUMBS-FR35","*"
"2023-10-31","PDMEFHLMCNONUMBS-FR40","*"
"2023-10-31","PDMEFHLMCNONUMBS-FR45","0"
"2023-10-31","PDMEFHLMCNONUMBS-FR50","0"
"2023-10-31","PDMEFHLMCNONUMBS-FR55","0"
"2023-10-31","PDMEFHLMCNONUMBS-FR60","0"
"2023-10-31","PDMEFHLMCNONUMBS-FRG60","0"
"2023-10-31","PDMEFHLMCNONUMBS-FRL25","51"
"2023-10-31","PDMEFHLMCNONUMBS-FRT","93"
"2023-10-31","PDMEFHLMCNONUMBS-OUT25","907"
"2023-10-31","PDMEFHLMCNONUMBS-OUT30","861"
"2023-10-31","PDMEFHLMCNONUMBS-OUT35","2364"
"2023-10-31","PDMEFHLMCNONUMBS-OUT40","529"
"2023-10-31","PDMEFHLMCNONUMBS-OUT45","1276"
"2023-10-31","PDMEFHLMCNONUMBS-OUT50","1265"
"2023-10-31","PDMEFHLMCNONUMBS-OUT55","2718"
"2023-10-31","PDMEFHLMCNONUMBS-OUT60","3012"
"2023-10-31","PDMEFHLMCNONUMBS-OUTG60","4079"
"2023-10-31","PDMEFHLMCNONUMBS-OUTL25","715"
"2023-10-31","PDMEFHLMCNONUMBS-OUTT","17726"
"2023-10-31","PDMEFHLMCNONUMBS15-DR20","0"
"2023-10-31","PDMEFHLMCNONUMBS15-DR25","0"
"2023-10-31","PDMEFHLMCNONUMBS15-DR30","0"
"2023-10-31","PDMEFHLMCNONUMBS15-DR35","0"
"2023-10-31","PDMEFHLMCNONUMBS15-DR40","0"
"2023-10-31","PDMEFHLMCNONUMBS15-DR45","0"
"2023-10-31","PDMEFHLMCNONUMBS15-DR50","0"
"2023-10-31","PDMEFHLMCNONUMBS15-DR55","0"
"2023-10-31","PDMEFHLMCNONUMBS15-DRG55","0"
"2023-10-31","PDMEFHLMCNONUMBS15-DRL20","0"
"2023-10-31","PDMEFHLMCNONUMBS15-DRT","0"
"2023-10-31","PDMEFHLMCNONUMBS15-FD20","0"
"2023-10-31","PDMEFHLMCNONUMBS15-FD25","0"
"2023-10-31","PDMEFHLMCNONUMBS15-FD30","0"
"2023-10-31","PDMEFHLMCNONUMBS15-FD35","0"
"2023-10-31","PDMEFHLMCNONUMBS15-FD40","0"
"2023-10-31","PDMEFHLMCNONUMBS15-FD45","0"
"2023-10-31","PDMEFHLMCNONUMBS15-FD50","0"
"2023-10-31","PDMEFHLMCNONUMBS15-FD55","0"
"2023-10-31","PDMEFHLMCNONUMBS15-FDG55","0"
"2023-10-31","PDMEFHLMCNONUMBS15-FDL20","0"
"2023-10-31","PDMEFHLMCNONUMBS15-FDT","0"
"2023-10-31","PDMEFHLMCNONUMBS15-FR20","0"
"2023-10-31","PDMEFHLMCNONUMBS15-FR25","0"
"2023-10-31","PDMEFHLMCNONUMBS15-FR30","0"
"2023-10-31","PDMEFHLMCNONUMBS15-FR35","0"
"2023-10-31","PDMEFHLMCNONUMBS15-FR40","0"
"2023-10-31","PDMEFHLMCNONUMBS15-FR45","0"
"2023-10-31","PDMEFHLMCNONUMBS15-FR50","0"
"2023-10-31","PDMEFHLMCNONUMBS15-FR55","0"
"2023-10-31","PDMEFHLMCNONUMBS15-FRG55","0"
"2023-10-31","PDMEFHLMCNONUMBS15-FRL20","0"
"2023-10-31","PDMEFHLMCNONUMBS15-FRT","0"
"2023-10-31","PDMEFHLMCNONUMBS15-OUT20","104"
"2023-10-31","PDMEFHLMCNONUMBS15-OUT25","1595"
"2023-10-31","PDMEFHLMCNONUMBS15-OUT30","659"
"2023-10-31","PDMEFHLMCNONUMBS15-OUT35","173"
"2023-10-31","PDMEFHLMCNONUMBS15-OUT40","343"
"2023-10-31","PDMEFHLMCNONUMBS15-OUT45","189"
"2023-10-31","PDMEFHLMCNONUMBS15-OUT50","230"
"2023-10-31","PDMEFHLMCNONUMBS15-OUT55","88"
"2023-10-31","PDMEFHLMCNONUMBS15-OUTG55","424"
"2023-10-31","PDMEFHLMCNONUMBS15-OUTL20","*"
"2023-10-31","PDMEFHLMCNONUMBS15-OUTT","*"
"2023-10-31","PDMEFNMAFHLMC-DR25","102647"
"2023-10-31","PDMEFNMAFHLMC-DR30","138737"
"2023-10-31","PDMEFNMAFHLMC-DR35","134148"
"2023-10-31","PDMEFNMAFHLMC-DR40","130447"
"2023-10-31","PDMEFNMAFHLMC-DR45","159513"
"2023-10-31","PDMEFNMAFHLMC-DR50","228627"
"2023-10-31","PDMEFNMAFHLMC-DR55","271019"
"2023-10-31","PDMEFNMAFHLMC-DR60","312133"
"2023-10-31","PDMEFNMAFHLMC-DRG60","161440"
"2023-10-31","PDMEFNMAFHLMC-DRL25","77277"
"2023-10-31","PDMEFNMAFHLMC-DRT","1715988"
"2023-10-31","PDMEFNMAFHLMC-FD25","4"
"2023-10-31","PDMEFNMAFHLMC-FD30","21"
"2023-10-31","PDMEFNMAFHLMC-FD35","189"
"2023-10-31","PDMEFNMAFHLMC-FD40","143"
"2023-10-31","PDMEFNMAFHLMC-FD45","0"
"2023-10-31","PDMEFNMAFHLMC-FD50","5"
"2023-10-31","PDMEFNMAFHLMC-FD55","*"
"2023-10-31","PDMEFNMAFHLMC-FD60","*"
"2023-10-31","PDMEFNMAFHLMC-FDG60","828"
"2023-10-31","PDMEFNMAFHLMC-FDL25","170"
"2023-10-31","PDMEFNMAFHLMC-FDT","1529"
"2023-10-31","PDMEFNMAFHLMC-FR25","*"
"2023-10-31","PDMEFNMAFHLMC-FR30","9"
"2023-10-31","PDMEFNMAFHLMC-FR35","164"
"2023-10-31","PDMEFNMAFHLMC-FR40","147"
"2023-10-31","PDMEFNMAFHLMC-FR45","0"
"2023-10-31","PDMEFNMAFHLMC-FR50","*"
"2023-10-31","PDMEFNMAFHLMC-FR55","*"
"2023-10-31","PDMEFNMAFHLMC-FR60","0"
"2023-10-31","PDMEFNMAFHLMC-FRG60","*"
"2023-10-31","PDMEFNMAFHLMC-FRL25","103"
"2023-10-31","PDMEFNMAFHLMC-FRT","503"
"2023-10-31","PDMEFNMAFHLMC-OUT25","129625"
"2023-10-31","PDMEFNMAFHLMC-OUT30","161269"
"2023-10-31","PDMEFNMAFHLMC-OUT35","137820"
"2023-10-31","PDMEFNMAFHLMC-OUT40","180558"
"2023-10-31","PDMEFNMAFHLMC-OUT45","181651"
"2023-10-31","PDMEFNMAFHLMC-OUT50","316774"
"2023-10-31","PDMEFNMAFHLMC-OUT55","397268"
"2023-10-31","PDMEFNMAFHLMC-OUT60","448485"
"2023-10-31","PDMEFNMAFHLMC-OUTG60","329070"
"2023-10-31","PDMEFNMAFHLMC-OUTL25","104357"
"2023-10-31","PDMEFNMAFHLMC-OUTT","2386877"
"2023-10-31","PDMEFNMAFHLMC15-DR20","11571"
"2023-10-31","PDMEFNMAFHLMC15-DR25","8395"
"2023-10-31","PDMEFNMAFHLMC15-DR30","7975"
"2023-10-31","PDMEFNMAFHLMC15-DR35","5064"
"2023-10-31","PDMEFNMAFHLMC15-DR40","6659"
"2023-10-31","PDMEFNMAFHLMC15-DR45","6558"
"2023-10-31","PDMEFNMAFHLMC15-DR50","8092"
"2023-10-31","PDMEFNMAFHLMC15-DR55","2520"
"2023-10-23","PDCCGNMA-DR25","58719"
"2023-10-23","PDCCGNMA-OUTT","609754"
"2023-10-23","PDCCGNMA-OUTL25","20662"
"2023-10-23","PDCCGNMA-OUTG60","110649"
"2023-10-23","PDCCGNMA-OUT60","110381"
"2023-10-23","PDCCGNMA-OUT55","105419"
"2023-10-23","PDCCGNMA-OUT50","58830"
"2023-10-23","PDCCGNMA-OUT45","66914"
"2023-10-23","PDCCGNMA-OUT40","30245"
"2023-10-23","PDCCGNMA-OUT35","21293"
"2023-10-23","PDCCGNMA-OUT30","44454"
"2023-10-23","PDCCGNMA-OUT25","40907"
"2023-10-23","PDCCGNMA-FRT","2576"
"2023-10-23","PDCCGNMA-FRL25","58"
"2023-10-23","PDCCGNMA-FRG60","701"
"2023-10-23","PDCCGNMA-FR60","120"
"2023-10-23","PDCCGNMA-FR55","96"
"2023-10-23","PDCCGNMA-FR50","166"
"2023-10-23","PDCCGNMA-FR45","882"
"2023-10-23","PDCCGNMA-FR40","79"
"2023-10-23","PDCCGNMA-FR35","179"
"2023-10-23","PDCCGNMA-FR30","101"
"2023-10-23","PDCCGNMA-FR25","194"
"2023-10-23","PDCCGNMA-FDT","3009"
"2023-10-23","PDCCGNMA-FDL25","60"
"2023-10-23","PDCCGNMA-FDG60","565"
"2023-10-23","PDCCGNMA-FD60","347"
"2023-10-23","PDCCGNMA-FD55","188"
"2023-10-23","PDCCGNMA-FD50","161"
"2023-10-23","PDCCGNMA-FD45","1098"
"2023-10-23","PDCCGNMA-FD40","161"
"2023-10-23","PDCCGNMA-FD35","188"
"2023-10-23","PDCCGNMA-FD30","121"
"2023-10-23","PDCCGNMA-FD25","120"
"2023-10-23","PDCCGNMA-DRT","564978"
"2023-10-23","PDCCGNMA-DRL25","20873"
"2023-10-23","PDCCGNMA-DRG60","46896"
"2023-10-23","PDCCGNMA-DR60","81697"
"2023-10-23","PDCCGNMA-DR55","75117"
"2023-10-23","PDCCGNMA-DR50","48394"
"2023-10-23","PDCCGNMA-DR45","67793"
"2023-10-23","PDCCGNMA-DR40","51846"
"2023-10-23","PDCCGNMA-DR35","45533"
"2023-10-23","PDCCGNMA-DR30","68110"
"2023-10-18","PDCBFNMAFHLMC-DR45","6558"
"2023-10-18","PDCBFHLMCNONUMBS-DR20","0"
"2023-10-18","PDCBFHLMCNONUMBS-DR25","0"
"2023-10-18","PDCBFHLMCNONUMBS-DR30","0"
"2023-10-18","PDCBFHLMCNONUMBS-DR35","0"
"2023-10-18","PDCBFHLMCNONUMBS-DR40","0"
"2023-10-18","PDCBFHLMCNONUMBS-DR45","0"
"2023-10-18","PDCBFHLMCNONUMBS-DR50","0"
"2023-10-18","PDCBFHLMCNONUMBS-DR55","0"
"2023-10-18","PDCBFHLMCNONUMBS-DRG55","0"
"2023-10-18","PDCBFHLMCNONUMBS-DRL20","0"
"2023-10-18","PDCBFHLMCNONUMBS-DRT","0"
"2023-10-18","PDCBFHLMCNONUMBS-FD20","*"
"2023-10-18","PDCBFHLMCNONUMBS-FD25","0"
"2023-10-18","PDCBFHLMCNONUMBS-FD30","*"
"2023-10-18","PDCBFHLMCNONUMBS-FD35","*"
"2023-10-18","PDCBFHLMCNONUMBS-FD40","0"
"2023-10-18","PDCBFHLMCNONUMBS-FD45","*"
"2023-10-18","PDCBFHLMCNONUMBS-FD50","*"
"2023-10-18","PDCBFHLMCNONUMBS-FD55","*"
"2023-10-18","PDCBFHLMCNONUMBS-FDG55","*"
"2023-10-18","PDCBFHLMCNONUMBS-FDL20","0"
"2023-10-18","PDCBFHLMCNONUMBS-FDT","43"
"2023-10-18","PDCBFHLMCNONUMBS-FR20","*"
"2023-10-18","PDCBFHLMCNONUMBS-FR25","0"
"2023-10-18","PDCBFHLMCNONUMBS-FR30","*"
"2023-10-18","PDCBFHLMCNONUMBS-FR35","*"
"2023-10-18","PDCBFHLMCNONUMBS-FR40","0"
"2023-10-18","PDCBFHLMCNONUMBS-FR45","*"
"2023-10-18","PDCBFHLMCNONUMBS-FR50","0"
"2023-10-18","PDCBFHLMCNONUMBS-FR55","0"
"2023-10-18","PDCBFHLMCNONUMBS-FRG55","0"
"2023-10-18","PDCBFHLMCNONUMBS-FRL20","*"
"2023-10-18","PDCBFHLMCNONUMBS-FRT","31"
"2023-10-18","PDCBFHLMCNONUMBS-OUT20","*"
"2023-10-18","PDCBFHLMCNONUMBS-OUT25","49"
"2023-10-18","PDCBFHLMCNONUMBS-OUT30","41"
"2023-10-18","PDCBFHLMCNONUMBS-OUT35","159"
"2023-10-18","PDCBFHLMCNONUMBS-OUT40","214"
"2023-10-18","PDCBFHLMCNONUMBS-OUT45","179"
"2023-10-18","PDCBFHLMCNONUMBS-OUT50","133"
"2023-10-18","PDCBFHLMCNONUMBS-OUT55","88"
"2023-10-18","PDCBFHLMCNONUMBS-OUTG55","292"
"2023-10-18","PDCBFHLMCNONUMBS-OUTL20","*"
"2023-10-18","PDCBFHLMCNONUMBS-OUTT","1301"
"2023-10-18","PDCBFNMAFHLMC-DR20","11571"
"2023-10-18","PDCBFNMAFHLMC-DR25","8311"
"2023-10-18","PDCBFNMAFHLMC-DR30","7975"
"2023-10-18","PDCBFNMAFHLMC-DR35","5064"
"2023-10-18","PDCBFNMAFHLMC-DR40","6658"
"2023-10-18","PDCBFNMAFHLMC-DR50","8092"
"2023-10-18","PDCBFNMAFHLMC-DR55","2520"
"2023-10-18","PDCBFNMAFHLMC-DRG55","924"
"2023-10-18","PDCBFNMAFHLMC-DRL20","3260"
"2023-10-18","PDCBFNMAFHLMC-DRT","60933"
"2023-10-18","PDCBFNMAFHLMC-FD20","103"
"2023-10-18","PDCBFNMAFHLMC-FD25","131"
"2023-10-18","PDCBFNMAFHLMC-FD30","37"
"2023-10-18","PDCBFNMAFHLMC-FD35","32"
"2023-10-18","PDCBFNMAFHLMC-FD40","27"
"2023-10-18","PDCBFNMAFHLMC-FD45","44"
"2023-10-18","PDCBFNMAFHLMC-FD50","60"
"2023-10-18","PDCBFNMAFHLMC-FD55","10"
"2023-10-18","PDCBFNMAFHLMC-FDG55","*"
"2023-10-18","PDCBFNMAFHLMC-FDL20","*"
"2023-10-18","PDCBFNMAFHLMC-FDT","468"
"2023-10-18","PDCBFNMAFHLMC-FR20","108"
"2023-10-18","PDCBFNMAFHLMC-FR25","*"
"2023-10-18","PDCBFNMAFHLMC-FR30","*"
"2023-10-18","PDCBFNMAFHLMC-FR35","32"
"2023-10-18","PDCBFNMAFHLMC-FR40","15"
"2023-10-18","PDCBFNMAFHLMC-FR45","26"
"2023-10-18","PDCBFNMAFHLMC-FR50","33"
"2023-10-18","PDCBFNMAFHLMC-FR55","9"
"2023-10-18","PDCBFNMAFHLMC-FRG55","*"
"2023-10-18","PDCBFNMAFHLMC-FRL20","*"
"2023-10-18","PDCBFNMAFHLMC-FRT","394"
"2023-10-18","PDCBFNMAFHLMC-OUT20","10606"
"2023-10-18","PDCBFNMAFHLMC-OUT25","12237"
"2023-10-18","PDCBFNMAFHLMC-OUT30","7742"
"2023-10-18","PDCBFNMAFHLMC-OUT35","4917"
"2023-10-18","PDCBFNMAFHLMC-OUT40","8190"
"2023-10-18","PDCBFNMAFHLMC-OUT45","8081"
"2023-10-18","PDCBFNMAFHLMC-OUT50","12836"
"2023-10-18","PDCBFNMAFHLMC-OUT55","6652"
"2023-10-18","PDCBFNMAFHLMC-OUTG55","2089"
"2023-10-18","PDCBFNMAFHLMC-OUTL20","2082"
"2023-10-18","PDCBFNMAFHLMC-OUTT","75432"
"2023-10-12","PDCAFHLMCNONUMBS-OUTT","10716"
"2023-10-12","PDCAFNMAFHLMC-DR30","138716"
"2023-10-12","PDCAFNMAFHLMC-DR35","134176"
"2023-10-12","PDCAFNMAFHLMC-DR40","129502"
"2023-10-12","PDCAFNMAFHLMC-DR45","158763"
"2023-10-12","PDCAFNMAFHLMC-DR50","228739"
"2023-10-12","PDCAFNMAFHLMC-DR55","271081"
"2023-10-12","PDCAFNMAFHLMC-DR60","311595"
"2023-10-12","PDCAFNMAFHLMC-DRG60","161586"
"2023-10-12","PDCAFNMAFHLMC-DRL25","77281"
"2023-10-12","PDCAFNMAFHLMC-DRT","1714204"
"2023-10-12","PDCAFNMAFHLMC-FD25","945"
"2023-10-12","PDCAFNMAFHLMC-FD30","1539"
"2023-10-12","PDCAFNMAFHLMC-FD35","736"
"2023-10-12","PDCAFNMAFHLMC-FD40","1079"
"2023-10-12","PDCAFNMAFHLMC-FD45","582"
"2023-10-12","PDCAFNMAFHLMC-FD50","873"
"2023-10-12","PDCAFNMAFHLMC-FD55","320"
"2023-10-12","PDCAFNMAFHLMC-FD60","300"
"2023-10-12","PDCAFNMAFHLMC-FDG60","438"
"2023-10-12","PDCAFNMAFHLMC-FDL25","304"
"2023-10-12","PDCAFNMAFHLMC-FDT","7116"
"2023-10-12","PDCAFNMAFHLMC-FR25","868"
"2023-10-12","PDCAFNMAFHLMC-FR30","1289"
"2023-10-12","PDCAFNMAFHLMC-FR35","677"
"2023-10-12","PDCAFNMAFHLMC-FR40","1014"
"2023-10-12","PDCAFNMAFHLMC-FR45","692"
"2023-10-12","PDCAFNMAFHLMC-FR50","674"
"2023-10-12","PDCAFNMAFHLMC-FR55","634"
"2023-10-12","PDCAFNMAFHLMC-FR60","261"
"2023-10-12","PDCAFNMAFHLMC-FRG60","372"
"2023-10-12","PDCAFNMAFHLMC-FRL25","346"
"2023-10-12","PDCAFNMAFHLMC-FRT","6827"
"2023-10-12","PDCAFNMAFHLMC-OUT25","127443"
"2023-10-12","PDCAFNMAFHLMC-OUT30","156538"
"2023-10-12","PDCAFNMAFHLMC-OUT35","136065"
"2023-10-12","PDCAFNMAFHLMC-OUT40","175031"
"2023-10-12","PDCAFNMAFHLMC-OUT45","176252"
"2023-10-12","PDCAFNMAFHLMC-OUT50","309651"
"2023-10-12","PDCAFNMAFHLMC-OUT55","391845"
"2023-10-12","PDCAFNMAFHLMC-OUT60","439846"
"2023-10-12","PDCAFNMAFHLMC-OUTG60","315640"
"2023-10-12","PDCAFNMAFHLMC-OUTL25","103121"
"2023-10-12","PDCAFNMAFHLMC-OUTT","2331432"
"2023-10-12","PDCAFHLMCNONUMBS-OUTL25","320"
"2023-10-12","PDCAFHLMCNONUMBS-OUTG60","1471"
"2023-10-12","PDCAFHLMCNONUMBS-OUT60","1826"
"2023-10-12","PDCAFHLMCNONUMBS-OUT55","2458"
"2023-10-12","PDCAFHLMCNONUMBS-DR25","0"
"2023-10-12","PDCAFHLMCNONUMBS-OUT50","919"
"2023-10-12","PDCAFHLMCNONUMBS-OUT45","554"
"2023-10-12","PDCAFHLMCNONUMBS-OUT40","105"
"2023-10-12","PDCAFHLMCNONUMBS-OUT35","1733"
"2023-10-12","PDCAFHLMCNONUMBS-OUT30","694"
"2023-10-12","PDCAFHLMCNONUMBS-OUT25","636"
"2023-10-12","PDCAFHLMCNONUMBS-FRT","567"
"2023-10-12","PDCAFHLMCNONUMBS-FRL25","*"
"2023-10-12","PDCAFHLMCNONUMBS-FRG60","*"
"2023-10-12","PDCAFHLMCNONUMBS-FR60","*"
"2023-10-12","PDCAFHLMCNONUMBS-FR55","*"
"2023-10-12","PDCAFHLMCNONUMBS-FR50","*"
"2023-10-12","PDCAFHLMCNONUMBS-FR45","29"
"2023-10-12","PDCAFHLMCNONUMBS-FR40","172"
"2023-10-12","PDCAFHLMCNONUMBS-FR35","42"
"2023-10-12","PDCAFHLMCNONUMBS-FR30","*"
"2023-10-12","PDCAFHLMCNONUMBS-FR25","35"
"2023-10-12","PDCAFHLMCNONUMBS-FDT","1000"
"2023-10-12","PDCAFHLMCNONUMBS-FDL25","*"
"2023-10-12","PDCAFHLMCNONUMBS-FDG60","0"
"2023-10-12","PDCAFHLMCNONUMBS-FD60","*"
"2023-10-12","PDCAFHLMCNONUMBS-FD55","438"
"2023-10-12","PDCAFHLMCNONUMBS-FD50","*"
"2023-10-12","PDCAFHLMCNONUMBS-FD45","*"
"2023-10-12","PDCAFHLMCNONUMBS-FD40","177"
"2023-10-12","PDCAFHLMCNONUMBS-FD35","60"
"2023-10-12","PDCAFHLMCNONUMBS-FD30","172"
"2023-10-12","PDCAFHLMCNONUMBS-FD25","32"
"2023-10-12","PDCAFHLMCNONUMBS-DRT","0"
"2023-10-12","PDCAFHLMCNONUMBS-DRL25","0"
"2023-10-12","PDCAFHLMCNONUMBS-DRG60","0"
"2023-10-12","PDCAFHLMCNONUMBS-DR60","0"
"2023-10-12","PDCAFHLMCNONUMBS-DR55","0"
"2023-10-12","PDCAFHLMCNONUMBS-DR50","0"
"2023-10-12","PDCAFHLMCNONUMBS-DR45","0"
"2023-10-12","PDCAFHLMCNONUMBS-DR40","0"
"2023-10-12","PDCAFHLMCNONUMBS-DR35","0"
"2023-10-12","PDCAFHLMCNONUMBS-DR30","0"
"2023-10-12","PDCAFNMAFHLMC-DR25","102765"
